{
    "0": [
        0.3828846032802875,
        16.046345646564774,
        -2.9586537526204055
    ],
    "1": [
        0.45249998569488525,
        13.574999570846558,
        -8.144999742507935
    ],
    "2": [
        0.0,
        1.809999942779541,
        -9.954999685287476
    ]
}